{"cameraMode":{"drawMode":0,"name":"Shaded","section":"Shading Mode"},"sceneLighting":true,"audioPlay":false,"sceneViewState":{"showFog":true,"showMaterialUpdate":false,"showSkybox":true,"showFlares":true,"showImageEffects":true,"showParticleSystems":true},"in2DMode":false,"pivot":{"x":-3.153402805328369,"y":2.2159481048583986,"z":-4.593718528747559},"rotation":{"x":-0.2068578004837036,"y":-0.33757975697517397,"z":0.07630860060453415,"w":-0.9151102900505066},"size":3.3470981121063234,"orthographic":false}