{"cameraMode":{"drawMode":0,"name":"Shaded","section":"Shading Mode"},"sceneLighting":true,"audioPlay":false,"sceneViewState":{"showFog":true,"showMaterialUpdate":false,"showSkybox":true,"showFlares":true,"showImageEffects":true,"showParticleSystems":true},"in2DMode":false,"pivot":{"x":-0.18939208984375,"y":2.0018796920776369,"z":1.265397310256958},"rotation":{"x":-0.019737491384148599,"y":0.6328545808792114,"z":-0.016141291707754136,"w":-0.7738508582115173},"size":10.056888580322266,"orthographic":false}