{"cameraMode":{"drawMode":0,"name":"Shaded","section":"Shading Mode"},"sceneLighting":true,"audioPlay":false,"sceneViewState":{"showFog":true,"showMaterialUpdate":true,"showSkybox":true,"showFlares":true,"showImageEffects":true,"showParticleSystems":true},"in2DMode":false,"pivot":{"x":372.3519287109375,"y":11.696320533752442,"z":402.02679443359377},"rotation":{"x":-0.00006289822340477258,"y":0.999894380569458,"z":-0.013817831873893738,"w":-0.004516242537647486},"size":4.1178765296936039,"orthographic":false}