{"cameraMode":{"drawMode":0,"name":"Shaded","section":"Shading Mode"},"sceneLighting":true,"audioPlay":false,"sceneViewState":{"showFog":true,"showMaterialUpdate":false,"showSkybox":true,"showFlares":true,"showImageEffects":true,"showParticleSystems":true},"in2DMode":false,"pivot":{"x":-0.04677015542984009,"y":2.014403820037842,"z":-0.4094727039337158},"rotation":{"x":0.059919048100709918,"y":0.038917042315006259,"z":-0.0023383391089737417,"w":0.9974415898323059},"size":12.94265365600586,"orthographic":false}