{"cameraMode":{"drawMode":0,"name":"Shaded","section":"Shading Mode"},"sceneLighting":true,"audioPlay":false,"sceneViewState":{"showFog":true,"showMaterialUpdate":false,"showSkybox":true,"showFlares":true,"showImageEffects":true,"showParticleSystems":true},"in2DMode":false,"pivot":{"x":1.622868537902832,"y":1.5911941528320313,"z":-2.1288864612579347},"rotation":{"x":0.37405359745025637,"y":-0.009737511165440083,"z":0.00392770953476429,"w":0.9273476600646973},"size":0.37235552072525027,"orthographic":false}